{
  "CTR": {
    "full_stack_4": {
      "r2": 0.7325390169759407
    },
    "drop_hgb": {
      "r2": 0.7289705768093255,
      "delta": -0.003568440166615172
    },
    "drop_lgb": {
      "r2": 0.7332124091976311,
      "delta": 0.0006733922216903832
    },
    "drop_xgb": {
      "r2": 0.731610387994668,
      "delta": -0.0009286289812726611
    },
    "drop_rf": {
      "r2": 0.7326532254454318,
      "delta": 0.00011420846949106167
    },
    "only_hgb": {
      "r2": 0.7319533998924964
    },
    "only_lgb": {
      "r2": 0.7251551993941862
    },
    "only_xgb": {
      "r2": 0.7274789446157491
    },
    "only_rf": {
      "r2": 0.7259341478298605
    }
  },
  "D1": {
    "full_stack_4": {
      "r2": 0.719856452811007
    },
    "drop_hgb": {
      "r2": 0.7355356861875335,
      "delta": 0.015679233376526547
    },
    "drop_lgb": {
      "r2": 0.7467487212239574,
      "delta": 0.02689226841295045
    },
    "drop_xgb": {
      "r2": 0.7653686819392347,
      "delta": 0.04551222912822772
    },
    "drop_rf": {
      "r2": 0.7008996076057237,
      "delta": -0.01895684520528329
    },
    "no_manual_120": {
      "r2": 0.7541387620362725,
      "delta": 0.03428230922526554,
      "n_rows": 1000
    },
    "no_LLM_1000": {
      "r2": 0.7778012275085588,
      "delta": 0.05794477469755188,
      "n_rows": 120
    }
  }
}