{
  "CTR": {
    "predict_mean": {
      "r2": -0.001452855795097019,
      "mae": 0.12528178047538654
    },
    "linear_reg": {
      "r2": 0.21054518501632968,
      "mae": 0.09332102673538996
    },
    "ridge": {
      "r2": 0.2105435305165022,
      "mae": 0.09332209439635857
    },
    "single_xgb": {
      "r2": 0.7271214375047932,
      "mae": 0.033810136396726115
    },
    "single_hgb": {
      "r2": 0.7318690081625674,
      "mae": 0.03419696066024214
    },
    "full_stack_4": {
      "r2": 0.7325390169759407
    }
  },
  "D1": {
    "predict_mean": {
      "r2": -0.010407270687906145,
      "mae": 6.903174421996085
    },
    "linear_reg": {
      "r2": 0.13246369312015394,
      "mae": 6.125735766911005
    },
    "ridge": {
      "r2": 0.133958412640381,
      "mae": 6.119777074863701
    },
    "single_xgb": {
      "r2": 0.6935732564926629,
      "mae": 1.852578025998698
    },
    "single_hgb": {
      "r2": 0.7429497285927156,
      "mae": 2.3215386685578636
    },
    "full_stack_4": {
      "r2": 0.719856452811007
    }
  }
}